{"status": "tracking", "error": null, "x": 493.89303484877587, "y": 548.0036475716515, "raw_x": 493.89303484877587, "raw_y": 548.0036475716515, "timestamp": 1784583534.157373}